-|-
-fold|lipat
-ization|-isasi
-ous|bersifat
-proof|anti-
-ship|-an
-times|kali
.01 yen|0,01 yen
(kokuji)|(kanji buatan Jepang)
(North) Korea|Korea (Utara)
(parallels of) latitude|garis lintang
%|persen
0.1|0,1
1-3AM|pukul 01-03
1-3PM|pukul 13-15
1.32 lb|1,32 pon
1.8 liter|1,8 liter
1/10 bu|1/10 bu
1/10 sen|1/10 sen
10,000|sepuluh ribu
10**12|10 pangkat 12
10**16|10 pangkat 16
10**28|10 pangkat 28
10**32|10 pangkat 32
10**40|10 pangkat 40
10**44|10 pangkat 44
10**48|10 pangkat 48
10**8|10 pangkat 8
11AM-1PM|pukul 11-13
11PM-1AM|pukul 23-01
3-5AM|pukul 03-05
3-5PM|pukul 15-17
3.75 grams|3,75 gram
3rd|ketiga
3rd calendar sign|tanda kalender ke-3
4th calendar sign|tanda kalender ke-4
5-7AM|pukul 05-07
5-7PM|pukul 17-19
7-9AM|pukul 07-09
8 1/3lbs|8 1/3 pon
9-11AM|pukul 09-11
9-11PM|pukul 21-23
a certain|suatu
a coarse camlet|kain kasar
a fast person|orang yang cepat
a good horse|kuda bagus
A grade|nilai A
a helping|satu porsi
a light|cahaya
a little|sedikit
a matter|perkara
a reason|alasan
a reed instrument|alat musik tiup buluh
a sink|bak cuci
a stand|dudukan
a while|sebentar
abacus|sempoa
abandon|menelantarkan
abbreviation|singkatan
abdomen|perut
abet|menghasut
abhor|membenci
abide by|menaati
ability|kemampuan
able to|mampu
abolish|menghapuskan
about|tentang
above|di atas
above-stated|tersebut di atas
absolve|membebaskan
absorb|menyerap
abstain|menahan diri
absurdity|kemustahilan
abundance|kelimpahan
abundant|berlimpah
abuse|penyalahgunaan
accept|menerima
accident|kecelakaan
accidentally|secara tidak sengaja
accompany|menemani
accomplish|menyelesaikan
accomplished|terlaksana
accordingly|karena itu
account|rekening
account book|buku kas
accumulate|menumpuk
accurate|akurat
accusation|tuduhan
accuse|menuduh
accustomed|terbiasa
achieve|mencapai
achievement|pencapaian
achievements|pencapaian
acid|asam
acknowledge|mengakui
acquiesce|menyetujui diam-diam
acquire|memperoleh
acquire skill|menguasai keterampilan
acreage|luas lahan
acrid|pedas menyengat
act|bertindak
act in addition to|merangkap
act of play|babak lakon
acting|pelaksana sementara
actions|tindakan
actor|aktor
actual|sebenarnya
adapt|menyesuaikan
add|menambah
addition|penambahan
adhere|melekat
adhere to|berpegang pada
adjoin|berbatasan
adjust|menyetel
adjusted|tersetel
administer|mengurus
admirable|mengagumkan
admiral|laksamana
admire|mengagumi
admit|mengakui
admonish|menegur
adore|memuja
adorn|menghias
adroit|cekatan
advance|maju
advance on|menyerbu
advancing|memajukan
advantage|keuntungan
adventurous|penuh petualangan
advise|menasihati
affair|urusan
affection|kasih sayang
affiliated|berafiliasi
affinity|kecocokan
affix a seal|membubuhkan cap
affixed|terlampir
afflicted|menderita
Africa|Afrika
after|sesudah
again|lagi
age|usia
aggression|agresi
agile|gesit
agree|setuju
agree upon|menyepakati
agree with|sependapat dengan
agreeable|menyenangkan
agreement|kesepakatan
agriculture|pertanian
ahead|di depan
aid|bantuan
aide|ajudan
aim (a gun) at|membidik
air|udara
airplane|pesawat terbang
akin|serupa
alas|sayang sekali
album|album
alcohol|alkohol
alert|waspada
alienate|menjauhkan
alike|sama
all|semua
all the more|apalagi
alliance|persekutuan
allot|membagikan
allow|mengizinkan
allowance|tunjangan
allure|memikat
almanac|penanggalan
alms|sedekah
aloes|gaharu
alone|sendirian
already|sudah
also|juga
alternate|bergantian
alternation|pergantian
alternative|pilihan lain
althea|bunga althea
always|selalu
amass|mengumpulkan
amazed|takjub
ambassador|duta besar
ambition|cita-cita
amidst|di tengah
among|di antara
amount|jumlah
amusement|hiburan
an official|pejabat
analyze|menganalisis
ancestor|leluhur
ancestral offering receptacle|wadah sesaji leluhur
ancient Japan|Jepang kuno
ancient peace-preservation centers|pos keamanan zaman kuno
and|dan
and again|dan lagi
and so forth|dan sebagainya
anger|amarah
angle|sudut
angling|memancing
angry|marah
animal|hewan
animal sacrifice|kurban hewan
annals|kronik
annexed|dianeksasi
annotate|memberi anotasi
announce|mengumumkan
annoy|mengganggu
annoyed|kesal
another|yang lain
answer|jawaban
answer (phone)|menjawab telepon
anti-|anti-
antiquity|zaman purba
antlers|tanduk rusa
anxiety|kecemasan
apartment|apartemen
aperture|celah
apologize|meminta maaf
apparition|penampakan
appeal to|memohon kepada
appear|muncul
appearance|penampilan
appellation|sebutan
append|melampirkan
applaud|bertepuk tangan
appoint|menunjuk
appraise|menaksir
appreciate|menghargai
apprehend|menangkap
approach|mendekati
appropriate|pantas
approve|menyetujui
approx|kira-kira
approx. thirty-six sq ft|sekitar 3,3 meter persegi
approximately|kira-kira
approximation|perkiraan
apricot|aprikot
arbor|pondok taman
arc|busur
arch|lengkung
archery|panahan
ardent|berapi-api
arena|arena
argue|berdebat
argument|argumen
arm|lengan
armed with|bersenjatakan
armor|baju zirah
arms|senjata
arms & legs|tangan dan kaki
army|tentara
army (incl. counter)|tentara (juga kata bantu bilangan)
aroused|terbangkitkan
arrange|menata
arrangement|penataan
arranging|penyusunan
arrears|tunggakan
arrest|menangkap
arrival|kedatangan
arrive|tiba
arrive at|sampai di
arrow|anak panah
arrows|anak panah
art|seni
artful smile|senyum memikat
article|barang
artisan|perajin
arts|kesenian
as a result of|akibat dari
as for|adapun
as if|seolah-olah
as is|apa adanya
as much as possible|sebisa mungkin
as well as|serta
ascend|naik
ashes|abu
Asia|Asia
ask|bertanya
aspect|segi
aspire|bercita-cita
aspire to|mendambakan
assault|serangan
assemble|merakit
assent|persetujuan
assets|aset
assist|membantu
assistant|asisten
associate|rekan
association|perkumpulan
assume (a name)|memakai nama
assume a responsibility|memikul tanggung jawab
assumed (name)|nama samaran
assurance|jaminan
astray|tersesat
astringent|sepat
at|di
at the mercy of (the waves)|terombang-ambing
atmosphere|suasana
atrocious|keji
attach|memasang
attack|serangan
attack the rebellious|menumpas pemberontak
attain|mencapai
attempt|mencoba
attend|menghadiri
attend on|melayani
attending|kehadiran
attention|perhatian
attire|pakaian
attitude|sikap
audacious|berani nekat
audience|penonton
audience (with king)|audiensi dengan raja
augment|menambah
auspicious|membawa untung
Australia|Australia
authority|wewenang
autumn|musim gugur
avenue|jalan raya
average|rata-rata
avert|menghindarkan
avoid|menghindari
awake|terjaga
award|penghargaan
award to|menganugerahkan
awe|kekaguman
axe|kapak
axe radical (no. 69)|radikal kapak (no. 69)
axis|poros
back|punggung
backbone|tulang punggung
bacteria|bakteri
bad|buruk
bad habit|kebiasaan buruk
bad looking|berwajah buruk
bad luck|sial
badge|lencana
bag|tas
baggage|bagasi
bagpipe|bagpipa
bake|memanggang
balance|keseimbangan
bale|bal
ball|bola
ballad|balada
ballot|surat suara
balmy|sejuk nyaman
bamboo|bambu
bamboo grass|rumput bambu
ban|larangan
banana|pisang
banish|mengasingkan
bank|bank
banner|panji
banquet|jamuan
bar-tending|meracik minuman
barbarian|orang barbar
barely|nyaris tidak
bargain|tawar-menawar
bark|kulit kayu
barley|jelai
baron|baron
barracks|barak
barrel-head|tutup tong
barrier|penghalang
base|dasar
base(ball)|base (bisbol)
based on|berdasarkan
bases|pangkalan
bashful|pemalu
basin|baskom
bask in|berjemur dalam
bastard|anak haram
bath|mandi
bathe|berendam
battle|pertempuran
battle array|formasi tempur
bay|teluk
be absorbed in|tenggelam dalam
be aggravated|memburuk
be anxious|cemas
be arbitrary|sewenang-wenang
be associated with|berkaitan dengan
be at ease|merasa tenang
be at peace|damai
be attached to|terikat pada
be aware of|menyadari
be beyond|melampaui
be blinded|dibutakan
be born|lahir
be bright|cerah
be careful|berhati-hati
be clear|jernih
be conducive to|mendukung
be content|puas
be defeated|kalah
be delayed|tertunda
be depressed|murung
be diligent|rajin
be exposed (film)|terekspos (film)
be favored with|dianugerahi
be filled up|terisi penuh
be fragrant|harum
be frightened|ketakutan
be happy|bahagia
be hazy|berkabut
be ill|sakit
be in disorder|kacau
be in high spirits|bersemangat
be indignant|geram
be inferior|kalah mutu
be inferior to|lebih rendah dari
be informed|diberi tahu
be invigorated|bergairah
be left out|tersisih
be limited to|terbatas pada
be luxuriant|rimbun
be madly in love|mabuk cinta
be mistaken for|disangka
be moderate|sedang
be modest|rendah hati
be of use|berguna
be offended|tersinggung
be perplexed|bingung
be photographed|terfoto
be pregnant|hamil
be proud|bangga
be ruined|hancur
be sad|sedih
be scented|semerbak
be seasoned|berbumbu
be sharp|tajam
be sorry|menyesal
be sparing of|berhemat
be submerged|terendam
be sufficient|cukup
be surprised|terkejut
be suspicious|curiga
be watered|disiram
be worse|lebih buruk
beach|pantai
beans|kacang
bear|beruang
bear (a burden)|memikul beban
bear a grudge|menyimpan dendam
bear in mind|mengingat
bear up|bertahan
beast|binatang buas
beat|memukul
beat (music)|ketukan
beautiful|indah
beautiful as a jewel|indah bagai permata
beautiful black jewel|permata hitam yang indah
beautiful woman|wanita cantik
beauty|keindahan
because|karena
beckon|melambai memanggil
become|menjadi
become attached to|menjadi terikat pada
become distressed|menjadi susah hati
become employed|mendapat pekerjaan
become experienced|menjadi berpengalaman
become furious|menjadi murka
become serious|menjadi serius
become silent|terdiam
becoming|pantas
bed|tempat tidur
beetle brow|alis tebal menonjol
before|sebelum
beforehand|sebelumnya
befriend|berteman dengan
beg|memohon
begin|memulai
beginning|permulaan
beguile|memperdaya
behave|berperilaku
behavior|perilaku
behind|di belakang
being helped|mendapat bantuan
belch|bersendawa
believe|percaya
bell|lonceng
belly|perut
belong|termasuk
below|di bawah
belt|sabuk
bench|bangku
bend|menekuk
bend down|membungkuk
benefit|manfaat
benevolence|kebajikan
bequeath|mewariskan
beseech|memohon sangat
besides|selain itu
besiege|mengepung
best|terbaik
best regards|salam hormat
bestow|menganugerahkan
bestow on|melimpahkan kepada
better|lebih baik
between|di antara
bewitch|menyihir
beyond|di seberang
bias|kecondongan
biased|berat sebelah
bid|menawar
big|besar
big around|besar melingkar
big brother|kakak laki-laki
Big Dipper|Bintang Biduk
billows|gelombang besar
bin|tempat penyimpanan
bind|mengikat
birch|pohon birch
bird|burung
birds|burung
birth|kelahiran
bitter|pahit
bitterness|kepahitan
black|hitam
black ink|tinta hitam
blackened eyebrows|alis yang dihitamkan
blade|bilah
blame|menyalahkan
blank|kosong
blaze|kobaran api
blend|memadukan
blessed|diberkati
blessedness|keberkahan
blessing|berkah
blind|buta
blind man|orang buta
blink|berkedip
block|balok
blood|darah
bloody|berdarah
bloom|mekar
blossom|bunga
blow|meniup
blow out|memadamkan
blue|biru
blunt|tumpul
blurred|kabur
boar|babi hutan
board|papan
boast|menyombongkan
boasting|kesombongan
boat|perahu
body|tubuh
bog|rawa
bog rhubarb|fuki
boil|merebus
boiled rice|nasi
boisterous|riuh
bold|berani
bolt|baut
bolt (door)|palang pintu
bomb|bom
bond|ikatan
bone|tulang
bonfire|api unggun
book|buku
bookmark|pembatas buku
boom|ledakan
boon|anugerah
boots|sepatu bot
border|perbatasan
bored|bosan
borough|kota praja
borrow|meminjam
borrowing|peminjaman
bosom|dada
both|keduanya
bottle|botol
bottom|dasar
bottom price|harga terendah
bough|dahan
boulder|batu besar
boulevard|jalan lebar
bound|terikat
boundary|batas
bounding-box|kotak pembatas
bountiful|melimpah
bout|babak
bow|busur
bow (archery, violin)|busur (panah, biola)
bowels|usus
bowl|mangkuk
bowstring|tali busur
box|kotak
boy (ancient)|anak lelaki (kuno)
brace|penopang
bracing|menyegarkan
braid|kepang
brain|otak
branch|cabang
branch off|bercabang
branch radical (no. 65)|radikal cabang (no. 65)
brandish|mengacungkan
brave|berani
bravery|keberanian
brazen|tak tahu malu
Brazil|Brasil
bread|roti
break|patah
break down|rusak
break up (land)|membuka lahan
breakage|kerusakan
breast|dada
breasts|payudara
breath|napas
breathe|bernapas
breed|membiakkan
brevity|keringkasan
brew|menyeduh
bribe|suap
bride|pengantin perempuan
bridegroom|pengantin laki-laki
bridge|jembatan
brief time|waktu singkat
bright|terang
brilliance|kecemerlangan
brilliant|cemerlang
brilliant fabric design|motif kain yang cemerlang
brilliant white luster of a gem|kilau putih permata
bring along|membawa serta
bring near|mendekatkan
bring up|membesarkan
bring with|membawa
brink|tepi jurang
broad|luas
broaden|memperluas
broadminded|berpikiran luas
brocade|kain brokat
brood over|merenungi
broth|kaldu
brown|cokelat
bruise|memar
brunt|hantaman
brush|sikat
brush (teeth)|menyikat gigi
brush-stroke|goresan kuas
bubbles|gelembung
buck|rusa jantan
bud|tunas
Buddha|Buddha
Buddhist food|makanan biara
Buddhist priest|biksu
Buddhist sect|aliran Buddha
Buddhist surplice|jubah biksu
Buddhist temple|kuil Buddha
bug|serangga
build|membangun
building|gedung
bulge|tonjolan
bullet|peluru
bunch|seikat
bundle|bundel
bung|sumbat
bungling|ceroboh
bunting|bendera hias
burdensome|memberatkan
bureau|biro
bureaucrat|birokrat
burglar|pencuri
burn|membakar
burning|terbakar
burr|duri
burst open|merekah
bury|mengubur
bush clover|semanggi semak
business|bisnis
bustle|kesibukan
busy|sibuk
but|tetapi
butcher|tukang daging
butterbur|fuki
butterfly|kupu-kupu
buy|membeli
buzzer|bel
by all means|dengan segala cara
by means of|dengan cara
bystander|orang yang menonton
cable|kabel
cakes|kue
calamity|malapetaka
calculate|menghitung
calendar|kalender
call|memanggil
call for|meminta
call on|mengunjungi
call out to|menyerukan kepada
call upon|menyeru
calling card|kartu nama
calm|tenang
calm down|menenangkan diri
calyx|kelopak
camellia|bunga kamelia
camp|perkemahan
campaign|kampanye
camphor tree|pohon kamper
can|kaleng
Canada|Kanada
canal|kanal
cancel|membatalkan
candy|permen
cane|tongkat
cannon|meriam
cap|topi
capability|kesanggupan
capable|cakap
capacity|kapasitas
cape|tanjung
capital|ibu kota
capsize|terbalik
captivating|memesona
captive|tawanan
capture|menawan
captured|tertangkap
car|mobil
carapace|tempurung
cardinal|utama
care|perhatian
care for|merawat
careful inquiry|penyelidikan cermat
carefulness|kehati-hatian
cargo|muatan
carp|ikan mas
carpenter|tukang kayu
carrier|pengangkut
carry|membawa
carry (in hand)|menjinjing
carry in hand|menjinjing
carry out|melaksanakan
carry through|menuntaskan
cartoon|kartun
carve|mengukir
carving|ukiran
cascade|air terjun bertingkat
case|kasus
case (law, grammar)|kasus (hukum, tata bahasa)
cash|uang tunai
casket|peti
casting|pengecoran
castle|kastil
cat|kucing
catalpa tree|pohon katalpa
catch|menangkap
catch (cold, fire)|terkena (pilek, api)
catch (cold)|terkena pilek
cause|sebab
cave|gua
cave in|ambruk
cavity|rongga
cedar|pohon aras
celebrate|merayakan
cellar|ruang bawah tanah
censure|mencela
cent|sen
center|pusat
center of things|inti persoalan
cereals|biji-bijian
ceremony|upacara
certain|pasti
certificate|sertifikat
cessation|penghentian
chafe|bergesekan
chain|rantai
challenge|tantangan
chamber|bilik
champion|juara
chance|kesempatan
chances|peluang
change|perubahan
change (mind)|berubah pikiran
chant|melantunkan
chapter|bab
char|hangus
character|watak
charcoal|arang
charge|biaya
charging ahead of others|melesat mendahului
charity|amal
charm|pesona
charming|memesona
chart|bagan
chase|mengejar
chase away|mengusir
chastise|menghukum
chastity|kesucian
cheap|murah
cheat|curang
check|memeriksa
checkup|pemeriksaan
cheer|sorak
cheer up|menghibur
cheerful|ceria
chemical|bahan kimia
cherish|menyayangi
cherry|sakura
chess piece|buah catur
chest|dada
chestnut|berangan
chic|anggun
chick|anak ayam
chicken|ayam
chief|kepala
child|anak
childbirth|persalinan
childhood|masa kanak-kanak
chill|dingin
chimes|lonceng bernada
China|Tiongkok
Chinese parasol tree|pohon parasol Tiongkok
Chinese unicorn|kirin
chinquapin|pohon shii
chirp|berkicau
chisel|pahat
chivalry|jiwa ksatria
choice|pilihan
choose|memilih
chop|mencincang
chord|akor
chronicle|kronik
chrysanthemum|krisan
chunk|bongkah
chutzpah|kenekatan
cinnabar|merah cinnabar
cinnamon tree|pohon kayu manis
cipher|sandi
circle|lingkaran
circuit|sirkuit
circumference|keliling
circumstance|keadaan
circumstances|keadaan
cistern|bak air
citron|jeruk sitrun
city|kota
civilian life|kehidupan sipil
clamor|keriuhan
clan|marga
clap|bertepuk
clapper|pemukul lonceng
clarify|memperjelas
clarinet|klarinet
class|kelas
class (first)|kelas (satu)
class (genus)|kelas (genus)
clause|klausa
clean|bersih
cleanse|membersihkan
clear|jelas
clear (the land)|membuka lahan
clear out|mengosongkan
clear up|mencerahkan
cleat|penambat
clever|pandai
cleverness|kepandaian
client|klien
cliff|tebing
climate|iklim
climax|puncak
climb up|memanjat
clip|menjepit
clique|kelompok kecil
clock hand|jarum jam
clod|gumpalan tanah
close|menutup
closed|tertutup
closing|penutupan
clot|gumpalan
cloth|kain
clothes|pakaian
clothing|busana
cloud|awan
cloud up|mendung
cloudy weather|cuaca mendung
club|kelab
clumsy|kikuk
cluster|gugusan
co-|bersama
coach|pelatih
coal|batu bara
coarse|kasar
coating|lapisan
coax|membujuk
cobweb|sarang laba-laba
coconut tree|pohon kelapa
cocoon|kepompong
code|kode
coerce|memaksa
coffin|peti mati
cog|gerigi
coil|gulungan
coil around|melilit
coin|koin
cold|dingin
cold (beer, person)|dingin (bir, orang)
collapse|runtuh
collar|kerah
colleague|rekan kerja
collect|mengumpulkan
collect taxes|memungut pajak
collective|kolektif
collide|bertabrakan
collision|tabrakan
collusion|persekongkolan
color|warna
colorful|berwarna-warni
coloring|pewarnaan
colt|anak kuda
column|kolom
come|datang
come after|menyusul
come down|turun
come out|keluar
come to an end|berakhir
comet|komet
comfort|kenyamanan
comfortable|nyaman
coming|kedatangan
coming & going|keluar masuk
coming to an end|mendekati akhir
comma-design|motif tomoe
command|perintah
commander|panglima
commanding respect|berwibawa
commandment|perintah suci
commence|memulai
comment|komentar
commit (suicide)|melakukan (bunuh diri)
committee|panitia
common|umum
commoner|rakyat jelata
commonplace|biasa saja
communicate|berkomunikasi
community|komunitas
commute|pulang pergi kerja
companion|teman seperjalanan
companions|para teman
company|perusahaan
comparatively|secara relatif
compare|membandingkan
compared with|dibandingkan dengan
comparison|perbandingan
compensate|mengganti rugi
compensation|ganti rugi
compete with|bersaing dengan
compilation|penyusunan
complain of pain|mengeluh sakit
complete|lengkap
completed poem|puisi yang rampung
completion|penyelesaian
complexity|kerumitan
comply|menuruti
comply with|mematuhi
compose|menggubah
composing|penggubahan
composition|karangan
compound|senyawa
comrade|kawan seperjuangan
concave|cekung
conceal|menyembunyikan
conceited|sombong
concentrate on|memusatkan diri pada
concentrated|terpusat
concept|konsep
concern|kepedulian
concern oneself|ikut campur
concern oneself with|menaruh perhatian pada
concerned|khawatir
concerning|mengenai
conclusion|kesimpulan
concurrently|sekaligus
condemn|mengecam
condescend|merendahkan diri
condition|kondisi
conditions|syarat
condolences|belasungkawa
conduct|perilaku
conduct (business)|menjalankan usaha
conduct oneself well|berkelakuan baik
confer|berunding
confer on|menganugerahkan kepada
confess|mengaku
confine to a room|mengurung di kamar
confirm|memastikan
conflict|konflik
conform|menyesuaikan diri
confront|menghadapi
Confucian|Konfusius
confuse|membingungkan
confused|bingung
confusion|kekacauan
congeal|membeku
congratulate|mengucapkan selamat
congratulations|selamat
congregate|berkumpul
conical cap|topi kerucut
conjecture|dugaan
conjunction (astronomy)|konjungsi (astronomi)
connect|menghubungkan
connection|hubungan
conquer|menaklukkan
consent|persetujuan
consequently|akibatnya
conserve|melestarikan
consider|mempertimbangkan
considerate|penuh tenggang rasa
consideration|pertimbangan
consign|menitipkan
conspire|bersekongkol
constancy|keteguhan
constellations|rasi bintang
constitution|konstitusi
constrict|menyempitkan
construct|membangun
construction|konstruksi
consult|berkonsultasi
consult with|berunding dengan
consultation|konsultasi
consume|mengonsumsi
contact|kontak
contain|memuat
container|wadah
contempt|penghinaan
contend|berselisih
contend for|memperebutkan
contented|puas
contents|isi
continent|benua
continually|terus-menerus
continuation|kelanjutan
continue|melanjutkan
contract|kontrak
contraption|alat rakitan
contrast|kontras
control|kendali
convenience|kemudahan
convert|mengubah
convex|cembung
convey|menyampaikan
conveyor|pengangkut
cook|memasak
cool|sejuk
cooperation|kerja sama
copper|tembaga
copulate|kawin
copy|salinan
coral|karang
cord|tali
cordial|ramah
core|inti
cork|gabus
corner|sudut
cornered|terpojok
cornerstone|batu penjuru
corps|korps
correct|benar
correction|koreksi
correspond to|sesuai dengan
corridor|koridor
corrupt|korup
cost|biaya
cottage|pondok
cotton|kapas
councillor|anggota dewan
count|menghitung
counter for armor, suits, sets of furniture|penggolong zirah, setelan, set perabot
counter for articles|penggolong barang
counter for articles, clauses, paragraphs, etc.|penggolong pasal, klausa, paragraf, dsb.
counter for bags|penggolong karung
counter for beds|penggolong tempat tidur
counter for birds, rabbits|penggolong burung dan kelinci
counter for bonds|penggolong obligasi
counter for book scrolls|penggolong gulungan naskah
counter for books|penggolong buku
counter for bows & stringed instruments|penggolong busur dan alat musik dawai
counter for branches|penggolong ranting
counter for bundles|penggolong ikat
counter for cannons|penggolong meriam
counter for carriages (e.g., in a train)|penggolong gerbong
counter for chapters (of a book)|penggolong bab
counter for cupfuls|penggolong cangkir
counter for days|penggolong hari
counter for drinks|penggolong minuman
counter for equestrians|penggolong penunggang kuda
counter for fish|penggolong ikan
counter for flat thin objects or sheets|penggolong lembaran tipis
counter for flat things|penggolong benda pipih
counter for guns, tools, leaves or cakes of something|penggolong senjata, perkakas, lembar atau bongkah
counter for gunshots|penggolong tembakan
counter for haiku|penggolong haiku
counter for houses|penggolong rumah
counter for images|penggolong arca
counter for large animals|penggolong hewan besar
counter for letters, notes, documents, etc.|penggolong surat, nota, dokumen, dsb.
counter for lights|penggolong lampu
counter for long cylindrical things|penggolong benda panjang silindris
counter for machines|penggolong mesin
counter for machines and vehicles|penggolong mesin dan kendaraan
counter for meal courses|penggolong hidangan
counter for occurrences|penggolong kejadian
counter for pairs|penggolong pasang
counter for pairs of footwear|penggolong pasang alas kaki
counter for ships|penggolong kapal
counter for small animals|penggolong hewan kecil
counter for small plants|penggolong tanaman kecil
counter for songs and poems|penggolong lagu dan puisi
counter for sons|penggolong anak lelaki
counter for steps|penggolong anak tangga
counter for storeys of a building|penggolong lantai gedung
counter for suits of clothing|penggolong setelan pakaian
counter for tatami mats|penggolong tatami
counter for texts (or book scrolls)|penggolong naskah
counter for tiny particles|penggolong butiran
counter for vehicles|penggolong kendaraan
counter for wheels and flowers|penggolong roda dan bunga
counter for years|penggolong tahun
counterfeit|palsu
country|negara
county|kabupaten
couple|pasangan
courage|keberanian
course|jalur
court rank|pangkat istana
courteous|santun
courts|pengadilan
courtyard|halaman dalam
cover|menutupi
covetousness|ketamakan
cow|sapi
crack|retak
craft|kerajinan
crag|karang terjal
craggy|terjal
cram school|bimbingan belajar
cramped|sempit
crane|bangau
crank|engkol
crash|tabrakan
craving|keinginan kuat
craw|tembolok
crazy|gila
cream|krim
create|menciptakan
creator|pencipta
credit|kredit
creek|anak sungai
cremate|mengkremasi
crest|lambang keluarga
crest (wave)|puncak gelombang
crime|kejahatan
criminal|penjahat
criminal investigation|penyidikan
crimson|merah tua
criticism|kritik
criticize|mengkritik
crooked|bengkok
crop|panen
crop tax|pajak hasil bumi
cross|menyeberang
cross over|melintasi
crowd|kerumunan
crowded|padat
crown|mahkota
crude|kasar
cruel|kejam
cruelty|kekejaman
cruise|pelayaran
crumble|remuk
crush|menghancurkan
cry|menangis
cryptomeria|pohon sugi
crystal|kristal
cubic shaku|shaku kubik
cultivate|mengolah tanah
cultural progress|kemajuan budaya
curdle|menggumpal
cure|menyembuhkan
curiosity|rasa ingin tahu
curious|penasaran
curl up|meringkuk
current|arus
curriculum|kurikulum
curse|kutukan
curtail|memangkas
curtain|tirai
cushion|bantalan
custody|penahanan
custom|adat
customer|pelanggan
customs|bea cukai
cut|memotong
cut fine|mencincang halus
cut off|memutus
cut out (pattern)|menggunting pola
cutoff|pemutusan
cutting|potongan
cylinder|silinder
daimyo|daimyo
dainty|mungil elok
dairy products|produk susu
damage|kerusakan
damp|lembap
dance|tarian
dangerous|berbahaya
dare|berani
daring|nekat
dark|gelap
dark blue|biru tua
dark red|merah gelap
darkness|kegelapan
darling|kesayangan
darning|menisik
dart|anak panah kecil
date|tanggal
daub|melumuri
daughter|anak perempuan
dawn|fajar
day|hari
day off|hari libur
daybreak|dini hari
daytime|siang hari
deal with|menangani
dealer|pedagang
dealer (cards)|pembagi kartu
dealing in|berdagang
death|kematian
death anniversary|haul
death of a priest|wafatnya biksu
debate|perdebatan
debt|utang
decameron|sepuluh hari
decay|membusuk
deceased|almarhum
deceit|tipu daya
deceive|menipu
decide|memutuskan
decimal point|koma desimal
decision|keputusan
declension|deklinasi
decline|menolak
decorate|menghias
decoration|hiasan
decrease|berkurang
decree|dekret
dedicate|mendedikasikan
deed|perbuatan
deep|dalam
deep and broad (water)|dalam dan luas
deep red|merah pekat
deer|rusa
defeat|kekalahan
defect|cacat
defend|membela
defense|pertahanan
defer|menangguhkan
defile|mencemari
defy|menantang
degenerate|merosot
degree|derajat
deify|mendewakan
deliberate|sengaja
deliberately|dengan sengaja
delicate|halus
delicious|lezat
delight|kegembiraan
deliver|mengantarkan
delude|memperdaya
deluge|banjir bandang
delusion|khayalan
delve|menggali dalam
demand|tuntutan
demolish|merobohkan
demolition|pembongkaran
demon|iblis
den|sarang
denomination|denominasi
density (pop)|kepadatan penduduk
deny|menyangkal
depart|berangkat
departed|telah tiada
department|departemen
departure|keberangkatan
depend|bergantung
depend on|bergantung pada
deplete|menguras
deplore|menyesalkan
deposit|simpanan
depravity|kebejatan
descend|menuruni
descend to|turun ke
descendants|keturunan
descendent|keturunan
descent|penurunan
describe|menggambarkan
desert|gurun
design|rancangan
desire|hasrat
desk|meja
despatch|pengiriman
despise|memandang rendah
dessicate|mengeringkan
destiny|takdir
destitute|melarat
destitution|kemelaratan
destroy|menghancurkan
detach|melepaskan
detailed|terperinci
detain|menahan
deter|mencegah
determine|menentukan
detest|membenci
detestable|menjijikkan
develop|mengembangkan
deviate|menyimpang
devil|setan
devote|mengabdikan
dew|embun
diagnose|mendiagnosis
diagonal|diagonal
diagram|diagram
dialect|dialek
diameter|diameter
diarrhea|diare
dice|dadu
die|mati
differ|berbeda
difference|perbedaan
different|berbeda
difficult|sulit
dig|menggali
dignified|berwibawa
dignity|martabat
digress|melantur
dike|tanggul
dilate|melebar
diligence|ketekunan
diligent|tekun
dilute|mengencerkan
dilute (acid)|mengencerkan (asam)
diminish|menyusut
dip|mencelupkan
direct descent (non-bastard)|keturunan sah
direction|arah
director|direktur
dirty|kotor
disadvantage|kerugian
disappear|menghilang
disarm|melucuti senjata
disaster|bencana
discard|membuang
discern|membedakan
discharge|melepaskan
discipline|disiplin
disclose|mengungkapkan
discontinue|menghentikan
discourse|wacana
discreet|bijak menahan diri
discrepancy|ketidaksesuaian
discriminating|jeli membedakan
discuss|membahas
disease|penyakit
disgrace|aib
disguise|penyamaran
dish|piring
dishonor|penghinaan
disjoin|memisahkan
dislike|tidak suka
dismantle|membongkar
dismissal|pemecatan
disorder|kekacauan
dispatch|pengiriman
disperse|membubarkan
display|memajang
dispose of|menyingkirkan
disposition|watak
dispossess|merampas
dispute|perselisihan
disseminate|menyebarluaskan
dissolve|melarutkan
distance|jarak
distant|jauh
distend|mengembang
distinguished|terkemuka
distract|mengalihkan perhatian
distress|kesusahan
distribute|membagikan
district|distrik
distrust|ketidakpercayaan
disturb|mengganggu
ditch|parit
diverge|bercabang
divert|mengalihkan
divide|membagi
divination|ramalan
divining|meramal
division (x/3)|pembagian
divorce|cerai
do|melakukan
do away with|meniadakan
do in spite of|nekat melakukan
do something for|melakukan untuk
do up hair|menata rambut
do wrong|berbuat salah
docile|penurut
docility|kepatuhan
doctor|dokter
doctrine|doktrin
document|dokumen
dog|anjing
doing|perbuatan
doll|boneka
domestic fowl and animals|unggas dan ternak
domesticate|menjinakkan
domiciliary register|kartu keluarga
dominate|menguasai
dominion|kekuasaan
don|mengenakan
door|pintu
door radical (no. 63)|radikal pintu (no. 63)
dormitory|asrama
dose|dosis
dot|titik
doth|melakukan
dots and cross radical (no. 68)|radikal titik dan silang (no. 68)
double|ganda
doubt|keraguan
dove|merpati
down|ke bawah
dozen|lusin
Dr.|Dr.
draft|draf
drafted labor|kerja wajib
dragon|naga
drain|saluran air
drama|drama
draw|menggambar
draw (water)|menimba air
draw in|menarik masuk
draw near|mendekat
drawing|gambar
dread|kengerian
dreadful|mengerikan
dream|mimpi
dress|gaun
dressing|balutan
dried meat|dendeng
drift|hanyut
drill|latihan
drink|minum
drink up|menghabiskan minuman
drip|menetes
drive|mengemudi
drive away|mengusir
droop|terkulai
drop|menjatuhkan
drought|kekeringan
drown|tenggelam
drowsy|mengantuk
drug|obat
drum|gendang
drunk|mabuk
drunkard|pemabuk
drunken talk|ocehan mabuk
dry|kering
dry up|mengering
duckling|anak bebek
duckweed|kiambang
due to|karena
dull|tumpul
dunk|mencelup
duplicate|duplikat
dust|debu
duties|tugas
duty|kewajiban
dwell|bermukim
dwelling|tempat tinggal
dye|mewarnai
dying|sekarat
dynasty|dinasti
each|masing-masing
each other|satu sama lain
ear|telinga
ear (grain)|bulir
early|awal
early night|awal malam
earn money|mencari uang
earnings|penghasilan
earth|bumi
ease|kemudahan
east|timur
easy|mudah
eat|makan
eaves|atap teritis
ebb|surut
echo|gema
economy|ekonomi
ecstasy|kegirangan
eddy|pusaran
edge|tepi
edify|mencerahkan
edition|edisi
effect|efek
efficacy|kemanjuran
efficiency|efisiensi
egg|telur
eggplant|terong
ego|ego
eight|delapan
eight radical (no. 12)|radikal delapan (no. 12)
eighth sign of Chinese zodiac|shio kedelapan
either|salah satu
elapse|berlalu
elated|girang
elder brother|kakak laki-laki
elder sister|kakak perempuan
elect|memilih
electric poles|kutub listrik
electricity|listrik
elegance|keanggunan
elegant|anggun
elementary|dasar
elephant|gajah
elevate|mengangkat
eliminate|menyingkirkan
elude|mengelak
embankment|tanggul
embarrass|mempermalukan
embedded|tertanam
embellish|memperindah
emblem|lambang
embrace|memeluk
embroider|menyulam
emergency|keadaan darurat
eminent|termasyhur
emit|memancarkan
emotion|emosi
emperor|kaisar
employ|mempekerjakan
employee|karyawan
employment|pekerjaan
emptiness|kehampaan
empty|kosong
emulate|meniru
enamel|enamel
encircle|mengelilingi
enclosure|pagar keliling
encounter|perjumpaan
encourage|menyemangati
encroach|merambah
end|akhir
endeavour|berusaha
endure|bertahan
enduring|tahan lama
enemy|musuh
energy|energi
engage|melibatkan
England|Inggris
English|bahasa Inggris
engrave|mengukir
enjoy|menikmati
enlarge|memperbesar
enlightenment|pencerahan
enlist|mendaftar tentara
enough|cukup
enraged|murka
enrich|memperkaya
enroll|mendaftar
enshrine|menyemayamkan
enter|masuk
entertain|menjamu
entertainer|penghibur
entire|seluruh
entrails|jeroan
entrust|memercayakan
entrust to|menitipkan kepada
entrusting with|pemercayaan
entwine|melilit
environs|sekitar
envoy|utusan
ephemeral thing|hal yang fana
epidemic|wabah
epoch|zaman
equal|sama
equestrian|penunggang kuda
equilibrium|keseimbangan
equip|melengkapi
erase|menghapus
erect|mendirikan
err|keliru
error|kesalahan
erupt|meletus
escape|melarikan diri
escape from|lolos dari
escort|mengawal
escutcheon|perisai lambang
especially|terutama
Esq.|Yth.
essence|inti sari
establish|mendirikan
establishment|pendirian
esteem|penghargaan
estimate|perkiraan
eternity|keabadian
ethics|etika
eulogy|pujian
Europe|Eropa
evade|mengelak
evade payment|mangkir bayar
evaluate|menilai
even|rata
even now|bahkan sekarang
even number|bilangan genap
evening|petang
eventide|senja
every|setiap
everything|segalanya
everywhere|di mana-mana
evidence|bukti
evil|jahat
evil spirit|roh jahat
ex-|mantan
exalted|mulia
exam|ujian
examination|pemeriksaan
examine|memeriksa
examine oneself|introspeksi
example|contoh
excavate|menggali
excavation|penggalian
exceed|melampaui
exceedingly|amat sangat
excel|unggul
excellence|keunggulan
excellent|sangat baik
excelling|melebihi
except|kecuali
exceptionally|luar biasa
excessive|berlebihan
exchange|pertukaran
exclaim|berseru
exclamation mark|tanda seru
exclude|mengecualikan
exclusive|eksklusif
excrement|kotoran
excusable|dapat dimaklumi
excuse|alasan
exemplar|teladan
exercise|latihan
exert|mengerahkan
exhaust|menguras
exhausted|kelelahan
exhibit|memamerkan
exhort|mendesak
exile|pengasingan
exist|ada
existing|yang ada
exit|keluar
exorcise|mengusir roh
expand|memperluas
expect|mengharapkan
expectation|harapan
expel|mengusir
expense|pengeluaran
expensive|mahal
experience|pengalaman
experiment|percobaan
expert|ahli
expire|kedaluwarsa
explain|menjelaskan
explain away|berdalih
explanation|penjelasan
exploits|jasa besar
expose|membeberkan
express|mengungkapkan
expression|ungkapan
extend|memperpanjang
extend over|membentang
extent|luasnya
extinguish|memadamkan
extol|memuji tinggi
extract|menyarikan
extraordinary|luar biasa
extreme|ekstrem
eyeball|bola mata
eyebrow|alis
fabric|kain
fabricate|mengarang
face|wajah
face-up|menghadap ke atas
fact|fakta
faction|faksi
factor|faktor
facts|fakta
fade|memudar
faggot|ikatan ranting
fail|gagal
fail exam|gagal ujian
failure|kegagalan
faint|pingsan
fairy|peri
faith|iman
faithful service to elders|bakti kepada orang tua
faithfulness|kesetiaan
falcon|elang
fall|jatuh
fall (castle)|jatuhnya benteng
fall (down)|terjatuh
false|salah
falsehood|kebohongan
falsify|memalsukan
fame|kemasyhuran
familiar|akrab
familiarity|keakraban
family|keluarga
family crest|lambang keluarga
family name|nama keluarga
fan|kipas
far|jauh
far off|jauh sekali
fare|ongkos
farm|ladang
farmers|petani
fascination|daya tarik
fast|cepat
fast learner|cepat belajar
fasten|mengencangkan
fat|gemuk
fate|nasib
father|ayah
fathom|depa
fault|kesalahan
favor|kebaikan hati
favorable|menguntungkan
favourable|menguntungkan
favourite|favorit
fawn upon|menjilat
fear|takut
fearful|penakut
feast|pesta makan
feather|bulu
feathers|bulu
features|ciri-ciri
fee|biaya
feed|memberi makan
feel at home|merasa betah
feel bitter|merasa getir
feel sick|merasa mual
feeling|perasaan
fell|menebang
fellow|orang
female|perempuan
feminine|feminin
fence|pagar
ferment|memfermentasi
fermentation|fermentasi
ferry|kapal feri
fertile|subur
fertilizer|pupuk
fervent|bersemangat
festival float|kereta hias festival
fetch|mengambil
fetlock|jumbai kaki kuda
fetter|belenggu
fetters|belenggu
feudal manor|tanah feodal
fever|demam
few|sedikit
fiber|serat
fidelity|kesetiaan
fief|wilayah kekuasaan
field|ladang
fierce|garang
fifth sign of Chinese zodiac|shio kelima
fight|berkelahi
figure|sosok
figured cloth|kain bermotif
figures|angka
filbert|kemiri hazel
file|berkas
fill|mengisi
filter|menyaring
filtering|penyaringan
finally|akhirnya
finance|keuangan
find|menemukan
fine|denda
fine dress|busana indah
finger|jari
finish|menyelesaikan
fire|api
firefly|kunang-kunang
firewood|kayu bakar
firm|kokoh
firmly|dengan teguh
first day of month|tanggal satu
first sign of Chinese zodiac|shio pertama
first time|pertama kali
fish|ikan
fishery|perikanan
fishhook radical (no. 5)|radikal kail (no. 5)
fishing|memancing
fissure|celah retak
fist|kepalan
fit|cocok
five|lima
five-man squad|regu lima orang
fix|memperbaiki
flame|nyala api
flank|sisi
flat|datar
flats|apartemen
flavor|rasa
flax|rami
flee|melarikan diri
fleeting|sekejap
flinch|mengkerut
flip|membalik
flit|melintas cepat
float|mengapung
float (on liquid)|terapung
floating|mengambang
flock|kawanan
flood|banjir
floor|lantai
flour|tepung
flourish|berkembang pesat
flourishing|makmur
flow|mengalir
flower|bunga
fluid|cairan
flush out|menghalau keluar
flute|seruling
flutter|berkibar
fly|terbang
foam|busa
foe|lawan
fog|kabut
fold|melipat
folding fan|kipas lipat
follow|mengikuti
follow along|menyertai
follow by resigning|ikut mengundurkan diri
follower|pengikut
folly|kebodohan
foment|menghasut
fond|menyukai
food|makanan
foolish|bodoh
foot|kaki
footgear|alas kaki
foothold|pijakan
for the first time|untuk pertama kali
forbid|melarang
force|kekuatan
forces|pasukan
ford|arungan sungai
forecasting|peramalan
forehead|dahi
foreign|asing
forest|hutan
forge|menempa
forget|lupa
forgive|memaafkan
forgiveness|pengampunan
fork in road|persimpangan
form|bentuk
former|mantan
former time|masa lalu
formerly|dahulu
fort|benteng
fortification|kubu pertahanan
fortune|keberuntungan
fortune-telling|ramalan nasib
forward|maju
foster|mengasuh
foundation|fondasi
foundation stone|batu fondasi
founder|pendiri
fountain|air mancur
four|empat
fourth sign of Chinese zodiac|shio keempat
fragment|serpihan
fragrance|keharuman
fragrant|harum
frail|ringkih
frame|bingkai
framed picture|lukisan berbingkai
France|Prancis
frankness|keterusterangan
free|bebas
freeze|membeku
freight|barang angkutan
frequency|frekuensi
frequent|sering
freshwater trout|ikan ayu
fret|gelisah
friend|teman
friendly|ramah
friendship|persahabatan
frightened|ketakutan
fringe|rumbai
frivolous|remeh
frolic|bercanda riang
from|dari
front door|pintu depan
front page|halaman depan
frost|embun beku
froth|buih
frozen|beku
frugal|hemat
fruit|buah
fruit juice|sari buah
fry in deep fat|menggoreng rendam
fuel|bahan bakar
full|penuh
fullness|kepenuhan
fundamentals|dasar-dasar
funeral|pemakaman
fungus|jamur
fur|bulu tebal
furious|murka
furnace|tungku
furrow|alur bajak
further|lebih lanjut
furthermore|lagi pula
futility|kesia-siaan
future|masa depan
gain|perolehan
gall bladder|kantong empedu
gallant|gagah berani
gallop|berderap
game|permainan
game-hunting|berburu
gang|gerombolan
gap|celah
garden|taman
gargle|berkumur
garment|pakaian
gash|luka sayat
gate|gerbang
gather|mengumpulkan
gather (contributions)|menghimpun sumbangan
gathering|perkumpulan
gauge|pengukur
gauze|kain kasa
gay|riang
gem|permata
gender|jenis kelamin
genealogy|silsilah
general|umum
generally|pada umumnya
generation|generasi
genesis|asal mula
genius|jenius
gentle|lembut
gentleman|pria terhormat
gentleness|kelembutan
gently|dengan lembut
genuine|asli
genus|marga
germ|kuman
Germany|Jerman
get|mendapat
get caught in|terjebak dalam
get excited|bersemangat
get fat|menggemuk
get musty|berjamur
get on|naik
get rid of|menyingkirkan
get thin|mengurus
get together|berkumpul
get up|bangun
get used to|terbiasa
ghost|hantu
gift|hadiah
gigantic|raksasa
girl|gadis
gist|inti
give|memberi
give (a dinner)|mengadakan jamuan
give birth|melahirkan
give to|memberikan kepada
give up|menyerah
glad|senang
glass|kaca
glassy|bening
gleam|kilau
glory|kejayaan
gloss|kilap
glow|bersinar
glutinous|lengket
go|pergi
Go|Go
go along|menyusuri
go around|berkeliling
go backwards|mundur
go beyond|melampaui
go cross|menyeberang
go on foot|berjalan kaki
go out|keluar
go smoothly|berjalan lancar
go-between|perantara
god|dewa
god of literature|dewa sastra
godown|gudang
gods|para dewa
going|kepergian
gold|emas
gong|gong
good|baik
good belt|sabuk bagus
good crops|panen bagus
good fortune|nasib baik
good luck|keberuntungan
goodness|kebaikan
goods|barang
gorge|ngarai
gorgeous|memukau
gossamer|kain tipis melayang
govern|memerintah
governing|pemerintahan
government|pemerintah
government ministry|kementerian
government office|kantor pemerintah
governmental|pemerintahan
governor|gubernur
govt office|kantor pemerintah
grace|anugerah
graceful|anggun
gracious|murah hati
grade|nilai
gradually|lambat laun
gradually advancing|maju bertahap
graduate|lulus
graft|cangkok
graft (tree)|mencangkok
grain|butir
grains|biji-bijian
grandchild|cucu
grandma|nenek
grant|memberikan
grasp|menggenggam
grass|rumput
grate|memarut
grave|makam
gravy|kuah daging
grease|gemuk pelumas
greasy|berminyak
great|hebat
great numbers|jumlah besar
greatness|kebesaran
Greece|Yunani
green|hijau
greens|sayuran hijau
greet|menyapa
grey starling|jalak kelabu
grief|duka
grieve|berduka
grieve over|meratapi
grind|menggiling
grip|cengkeraman
grope|meraba-raba
ground|tanah
ground-breaking|peletakan batu pertama
group|kelompok
grove|rumpun pohon
grow bulky|membesar
grow dim|meredup
grow late|larut
grow old|menua
grow thick|menebal
grow up|tumbuh dewasa
grow worse|memburuk
guarantee|jaminan
guard|penjaga
guess|menebak
guest|tamu
guidance|bimbingan
guidebook|buku panduan
gulf|teluk besar
gum|gusi
gun|senapan
gun barrel|laras senapan
guts|nyali
guy|orang
habit|kebiasaan
haiku|haiku
hail|hujan es
hair of the head|rambut kepala
halberd|tombak kapak
half|setengah
hall|aula
halt|berhenti
hamlet|dusun
hamper|menghambat
hand|tangan
handle|gagang
handrail|pegangan tangga
handwriting|tulisan tangan
hang|menggantung
hang out|menjemur
hanging scroll|gulungan gantung
happen|terjadi
happiness|kebahagiaan
happy|bahagia
harbor|pelabuhan
hard|keras
hard drinker|peminum berat
hard up|kesulitan uang
harden|mengeras
hardship|kesukaran
harm|bahaya
harmonious|harmonis
harmonize|menyelaraskan
harmony|keselarasan
harp|harpa
harsh|kasar
harvest|panen
hate|benci
hatred|kebencian
have|memiliki
have diarrhea|diare
have the honor to|berkenan
haven|tempat berlindung
hawk|elang
hazelnut|kemiri hazel
he|dia
head|kepala
head (pimple)|mata bisul
headgear|tutup kepala
headland|tanjung
headstrong|keras kepala
heal|menyembuhkan
healing|penyembuhan
health|kesehatan
healthy|sehat
heap|timbunan
heap up|menimbun
hear|mendengar
hearing|pendengaran
heart|hati
heart radical (no. 61)|radikal hati (no. 61)
hearth|perapian
heat|panas
heaven|surga
heavens|langit
heavy|berat
hedge|pagar tanaman
hegemony|hegemoni
height|tinggi
heighten|meninggikan
heir|ahli waris
help|bantuan
hemp|rami
herbs|rempah
hermit|pertapa
hero|pahlawan
hesitate|ragu
hide|menyembunyikan
high|tinggi
high building|gedung tinggi
highness|paduka
highway|jalan raya
hill|bukit
hillock|gundukan
himself|dirinya sendiri
hinder|menghalangi
hinge|engsel
hint|petunjuk
hips|pinggul
hire|menyewa
history|sejarah
hit|memukul
hive|sarang lebah
hoard|menimbun
hoarse|serak
hold|memegang
hold (a meeting)|mengadakan rapat
hold back|menahan
hold in arms|memangku
hole|lubang
Holland|Belanda
hollow|berongga
holly|holi
hollyhock|bunga hollyhock
holy|suci
home|rumah
home country|tanah air
home town|kampung halaman
homecoming|pulang kampung
honesty|kejujuran
honor|kehormatan
honorable|terhormat
honors|penghargaan
hop|melompat
hope|harapan
hopes|harapan
horizon|cakrawala
horizontal|mendatar
horse|kuda
horse load|muatan kuda
hospitable|ramah menjamu
hostel|penginapan
hot|panas
hot spring|pemandian air panas
hot water|air panas
hour|jam
house|rumah
how|bagaimana
how far|sejauh apa
how long|berapa lama
how many|berapa banyak
however|namun
hub of wheel|poros roda
hug|memeluk
hull (ship)|lambung kapal
humanity|kemanusiaan
humble|rendah hati
humble oneself|merendahkan diri
humbly|dengan rendah hati
humiliate|mempermalukan
humility|kerendahan hati
hump|punuk
hundred|seratus
hundred million|seratus juta
hungry|lapar
hunt|berburu
hurry|bergegas
hurt|melukai
husband|suami
hush|diam
hushed|senyap
husk|sekam
hut|gubuk
hypotenuse|sisi miring
I|saya
I (male)|saya (pria)
idea|gagasan
if|jika
if so|kalau begitu
ignoramus|orang bodoh
II|II
ill|sakit
illness|penyakit
illuminate|menerangi
illusion|ilusi
image|citra
imbibe|meneguk
imitate|meniru
imitation|tiruan
immature|belum matang
immersed|terendam
imminent|sudah di ambang
impart|menyampaikan
impede|merintangi
imperial|kekaisaran
imperial court|istana kaisar
imperial edict|maklumat kaisar
imperial order|titah kaisar
imperial tomb|makam kaisar
imperial we|kami (kaisar)
implement|perkakas
implore|memohon sangat
impregnable position|posisi tak tertembus
impression|kesan
imprint|cetakan
improve|memperbaiki
impurity|kotoran
in|di dalam
in addition|selain itu
in bulk|dalam jumlah besar
in front|di depan
in love|jatuh cinta
in pain|kesakitan
in spite of oneself|tanpa sadar
in that case|kalau begitu
in the country|di desa
in the event|jika terjadi
in the first place|pada awalnya
in turn|bergiliran
inaccessible place|tempat tak terjangkau
incense|dupa
incidentally|omong-omong
incite|menghasut
incline|kemiringan
inclining|condong
income|pendapatan
increase|bertambah
increasingly|makin lama makin
indemnify|mengganti rugi
India|India
India ink|tinta cina
indicate|menunjukkan
indications|tanda-tanda
indigo|nila
individual|perorangan
industry|industri
inevitable|tak terelakkan
infancy|masa bayi
infer|menyimpulkan
inferiority|inferioritas
inflammation|peradangan
inform|memberi tahu
informal|tidak resmi
ingenuity|kepiawaian
ingredients|bahan
inhabit|mendiami
inhale|menghirup
inherit|mewarisi
injury|cedera
injustice|ketidakadilan
inlet|teluk kecil
inmost|paling dalam
innocence|ketidakbersalahan
inquire|menanyakan
inquire into|menyelidiki
inquiring|penyelidikan
insane|gila
inscription|prasasti
insect|serangga
insert|menyisipkan
inside|di dalam
insignificance|ketidakberartian
inspect|memeriksa
inspection|inspeksi
inspire|mengilhami
Inst.|bulan ini
install|memasang
installment|angsuran
instead|sebagai gantinya
instigate|menghasut
institution|lembaga
instruction|petunjuk
instrument|alat
intellect|akal budi
intelligence|kecerdasan
intelligent|cerdas
intensify|memperkuat
intention|niat
intercede|menengahi
intercept|mencegat
interchange|pertukaran
interest|minat
interest (on money)|bunga uang
interim|sementara
interior|bagian dalam
interment|pemakaman
interrupt|menyela
interval|selang
interval of time|jeda waktu
interview|wawancara
intestines|usus
intimacy|keakraban
intimate|akrab
intimidate|menggertak
introduce|memperkenalkan
intuition|intuisi
invade|menyerbu
invariably|selalu
inverted|terbalik
investigate|menyelidiki
invite|mengundang
involvement|keterlibatan
iris|bunga iris
iron|besi
irons|belenggu besi
island|pulau
issue|terbitan
Italy|Italia
item|butir
ivy|tanaman rambat
jail|penjara
jailer|sipir
jammed in|terjepit
Japan|Jepang
Japanese character reading|cara baca Jepang
Japanese chess|shogi
Japanese foot|shaku
Japanese Judas-tree|pohon katsura
Japanese style|gaya Jepang
jar|guci
jar radical (no. 121)|radikal guci (no. 121)
jasmine|melati
jerk|sentakan
jewel|permata
join|bergabung
joint|sendi
journey|perjalanan
joy|sukacita
jubilation|sorak kegembiraan
judge|hakim
judgement|penilaian
judgment|penilaian
jug|kendi
juice|jus
jump|melompat
jumping up|melonjak
jurisdiction|yurisdiksi
just|adil
just so|tepat begitu
justice|keadilan
juvenile|remaja
katakana e radical (no. 48)|radikal e katakana (no. 48)
keep|menyimpan
keep (rain)out|menahan hujan
kernel|inti biji
key (music)|nada dasar
key to|kunci untuk
kidnap|menculik
kill|membunuh
kiln|tungku pembakaran
kind|baik hati
kindliness|keramahan
kindling|kayu pemantik
kindly|dengan ramah
kindness|kebaikan
king|raja
kingdom of Wu|Kerajaan Wu
kingfisher|raja udang
kink|lekukan
knife|pisau
knock|mengetuk
knoll|bukit kecil
know|tahu
Korea|Korea
koto|koto
label|label
labor|kerja
lack|kekurangan
lacquer|pernis
lad|pemuda
ladle|gayung
lady|nyonya
lagoon|laguna
laid waste|jadi tandus
lake|danau
lament|meratap
lamp|lampu
land|tanah
language|bahasa
lantern festival|festival lampion
lap|pangkuan
lapel|kerah jas
lapis lazuli|lazuardi
lapse into|jatuh ke dalam
large|besar
large bird|burung besar
large building|bangunan besar
late|terlambat
later|kemudian
laugh|tertawa
laundry|cucian
law|hukum
lawn|halaman rumput
lay a foundation|meletakkan fondasi
lay in|menyetok
layer|lapisan
laziness|kemalasan
lazy|malas
lead|memimpin
lead to|mengarah ke
leader|pemimpin
leadership|kepemimpinan
leading|terkemuka
leading troops|memimpin pasukan
leaf|daun
leak|bocor
lean|bersandar
leap|melompat
learn|belajar
learn from|belajar dari
learner|pembelajar
learning|pembelajaran
leather|kulit samak
leave|pergi
leave as is|membiarkan
leave behind|meninggalkan
leave of absence|cuti
lecture|kuliah
ledge|birai
left|kiri
left & right|kiri dan kanan
left-side radical|radikal sisi kiri
leftover|sisa
leg|kaki
legitimate wife|istri sah
leisure|waktu luang
lend|meminjamkan
length|panjang
lengthy|panjang lebar
lessen|mengurangi
letter|surat
levee|tanggul
level|tingkat
levy|pungutan
license|izin
lie|berbohong
lie along|terbentang
lie down|berbaring
life|kehidupan
light|cahaya
lightly|dengan ringan
lightning bolt|sambaran petir
lightning-bug|kunang-kunang
like something|menyukai
limb|anggota badan
limit|batas
limited|terbatas
limits|batasan
line|garis
lineage|garis keturunan
linen|linen
liner|kapal penumpang
lining (stomach)|dinding lambung
link|tautan
lips|bibir
liquid|cairan
listen|mendengarkan
little|kecil
live|hidup
live with|tinggal bersama
livelihood|penghidupan
lively|hidup bersemangat
liver|hati
livestock|ternak
living|kehidupan
load (a vehicle)|memuat kendaraan
loan|pinjaman
locate|menempatkan
located in|terletak di
location|lokasi
lock|kunci
log|batang kayu
logic|logika
loins|pinggang
loneliness|kesepian
long|panjang
long ago|dahulu kala
long for|merindukan
long time|waktu lama
long-distance|jarak jauh
longitude|garis bujur
look|melihat
look at|memandang
look back|menoleh
look for|mencari
look up|mendongak
lookout|pengintai
looks|rupa
loom|alat tenun
loop|simpul lingkar
lord|tuan
lot|banyak
lotus|teratai
love|cinta
love dearly|menyayangi sepenuh hati
lovely|elok
low|rendah
low epithet for the enemy|sebutan hina bagi musuh
low number|bilangan kecil
low wainscoting|pelapis dinding rendah
lower|menurunkan
lower part|bagian bawah
lower slope of mountain|lereng bawah gunung
lowly|hina
loyalty|kesetiaan
luck|keberuntungan
lull|reda sejenak
lumber|kayu olahan
lungs|paru-paru
luxuriant|rimbun
luxury|kemewahan
madder|akar mengkudu merah
made in...|buatan...
magic|sihir
magnate|taipan
magnet|magnet
mail|surat pos
main|utama
main part|bagian utama
main point|pokok utama
main thing|hal utama
mainly|terutama
majestic plural|jamak keagungan
majesty|keagungan
make|membuat
make a deal|membuat kesepakatan
make a living|mencari nafkah
make light of|meremehkan
make love to|bercinta dengan
make up for|menebus
makeup|riasan
male|laki-laki
male mythical bird|burung mitos jantan
male name suffix|akhiran nama laki-laki
malice|niat jahat
mallet|palu kayu
malt|ragi malt
man|pria
manager|manajer
Manchu dynasty|Dinasti Manchu
Manchu Dynasty|Dinasti Manchu
mandarin orange|jeruk mandarin
maneuver|manuver
manhood|kedewasaan pria
mania|kegandrungan
manipulate|memanipulasi
manner|cara
manners|tata krama
manservant|pelayan pria
mansion|rumah besar
mantle|mantel
manufacture|memproduksi
manuscript|naskah
many|banyak
maple|maple
mark|tanda
market|pasar
marketing|pemasaran
marquis|markis
marriage|pernikahan
marrow|sumsum
marry|menikah
marry into|menikah masuk keluarga
marsh|rawa
martyrdom|kesyahidan
mask|topeng
masses|rakyat banyak
master|tuan
mat|tikar
match|korek api
materials|bahan
matrimony|pernikahan
matter|perkara
mature|matang
mausoleum|makam megah
me|saya
meadow|padang rumput
meal|santapan
means|sarana
measure|mengukur
measure (ruler)|penggaris
measurement|pengukuran
measuring box|kotak takar
measuring rod|tongkat ukur
meat|daging
mediate|menengahi
mediator|penengah
medicine|obat
mediocre|biasa-biasa saja
meet|bertemu
mellow|melunak
melt|meleleh
melting|peleburan
member|anggota
membership|keanggotaan
membrane|selaput
memorization|penghafalan
memorize|menghafal
memory|ingatan
menacing|mengancam
mend|memperbaiki
mention|menyebutkan
merchant|pedagang
mercy|belas kasihan
merely|hanya
merit|jasa
meritorious deed|perbuatan berjasa
merry|riang
meter|meter
method|metode
metre|meter
Mexico|Meksiko
middle|tengah
midget|cebol
military|militer
military officer|perwira
military strength|kekuatan militer
milk|susu
mimeograph|stensil
mimic|menirukan
mind|pikiran
mineral|mineral
mingle|berbaur
minority|minoritas
mint|percetakan uang
minuteness|kehalusan detail
mire|lumpur
mirror|cermin
miscanthus reed|alang-alang susuki
miscellaneous|serba-serbi
misfortune|kemalangan
mislead|menyesatkan
miss|merindukan
Miss|Nona
mist|kabut tipis
mistake|kesalahan
mister|tuan
mix|mencampur
moan|mengerang
moat|parit benteng
mock|mengejek
model|model
moderation|kesederhanaan
moist|lembap
moisten|membasahi
molding|lis hias
moment|saat
money|uang
monk|biksu
monkey|monyet
monme|monme
month|bulan
monument|monumen
moon|bulan
more & more|makin banyak
moreover|lagi pula
morning|pagi
morning sun|matahari pagi
mosquito|nyamuk
most|paling
mother|ibu
motion|gerakan
mottled|berbintik
mould|cetakan
mound|gundukan
mount|menaiki
mountain|gunung
mountain stream|sungai gunung
mountains towering in a row|barisan gunung menjulang
mourning|berkabung
mouth|mulut
move|bergerak
Mr.|Tuan
Mt Fuji|Gunung Fuji
much|banyak
mulberry|murbei
multiply|mengalikan
multitude|khalayak
mundane things|hal duniawi
muscle|otot
music|musik
musical score|partitur
muster|mengerahkan
mutually|saling
my husband|suami saya
myself|diri saya
mysterious|misterius
mystery|misteri
naked|telanjang
name|nama
name given to naturalized foreigners|nama bagi warga naturalisasi
nape of neck|tengkuk
Nara|Nara
narrate|menuturkan
narrative|penuturan
narrow|sempit
nation|bangsa
national flag|bendera negara
native place|tempat asal
nature|alam
navigate|berlayar
navy|angkatan laut
near|dekat
nearby|di dekat
necessarily|tentu saja
neck|leher
need|butuh
needle|jarum
negate|menyangkal
negative|negatif
neglect|menelantarkan
neighboring|bertetangga
nerve|saraf
net (profit)|laba bersih
netting|jaring
network|jaringan
new|baru
newborn babe|bayi baru lahir
news|berita
next|berikutnya
nice and cool|sejuk nyaman
night|malam
nightfall|senja
nigori|tanda nigori
nine|sembilan
ninth sign of Chinese zodiac|shio kesembilan
nitrate|nitrat
No.|No.
noble|bangsawan
noh chanting|nyanyian noh
noise|bising
nook|sudut tersembunyi
noon|tengah hari
north|utara
nose|hidung
not until|baru setelah
noted|termasyhur
nothing|tidak ada
nourishing|bergizi
now|sekarang
nucleus|inti
nude|telanjang
numb|mati rasa
number|angka
number in a series|nomor urut
nun|biksuni
nursing|perawatan
nut|kacang keras
nut shell|cangkang kacang
oath|sumpah
obese|gemuk sekali
obey|menaati
obi|obi
object|benda
oblique|serong
obscure|samar
observance|pelaksanaan
obstruct|menghalangi
obtain|memperoleh
occasion|kesempatan
occasional|sesekali
occupied|terisi
ocean|samudra
odd number|bilangan ganjil
ode|syair pujian
of|dari
offense|pelanggaran
offer|menawarkan
offer sympathy|menyampaikan simpati
offering|persembahan
office|kantor
officer|petugas
official|resmi
offing|lepas pantai
offspring|keturunan
oil|minyak
OK|baiklah
old|tua
old age|usia lanjut
old friend|teman lama
old Japanese coin|koin Jepang kuno
old man|orang tua laki-laki
old story|kisah lama
old times|zaman dahulu
old woman|orang tua perempuan
omen|pertanda
omission|kelalaian
omit|menghilangkan
on the contrary|sebaliknya
on the other hand|di sisi lain
once upon a time|pada suatu masa
one|satu
one (in documents)|satu (dalam dokumen)
one radical (no.1)|radikal satu (no. 1)
one tenth of a go|sepersepuluh go
one-sided|berat sebelah
oneself|diri sendiri
only|hanya
onto|ke atas
ooze|merembes
open|membuka
open sea|laut lepas
open up farmland|membuka lahan pertanian
opinion|pendapat
opponent|lawan
opportunity|peluang
oppose|menentang
opposite|berlawanan
oppress|menindas
or again|atau lagi
orchid|anggrek
ordeal|cobaan berat
order|perintah
ordinary|biasa
ore|bijih
organ|organ
origin|asal
original|asli
ornamental evergreen|tanaman hias hijau abadi
orphan|yatim piatu
other|lain
ought|seharusnya
outside|di luar
outskirts|pinggiran
oven|oven
overall|keseluruhan
overcome|mengatasi
overdue|terlambat jatuh tempo
overflow|meluap
overgrown|ditumbuhi lebat
overnight stay|menginap
overthrow|menggulingkan
overwhelm|menenggelamkan
ovum|sel telur
own|memiliki
pacify|menenangkan
pack horse|kuda beban
pack up|mengemasi
packed|padat terisi
paddy ridge|pematang sawah
pagoda|pagoda
paint|cat
painting|lukisan
painting brush|kuas lukis
pair|pasang
palace|istana
pale|pucat
pampas grass|rumput susuki
pamper|memanjakan
pane|kaca jendela
paper|kertas
paper money|uang kertas
paragraph|paragraf
parch|memanggang kering
pardon|pengampunan
pare|mengupas
park|taman
parsley|peterseli
part of speech|kelas kata
partially clothed|setengah berpakaian
particularly|khususnya
partition|sekat
party|pesta
pass through|melewati
pass thru|melewati
passage of time|berlalunya waktu
patent|paten
path|jalan setapak
pathetic|memilukan
pathos|keharuan
patrol|patroli
pattern|pola
patterned|bermotif
paulownia|pohon paulownia
paunch|perut buncit
pave|mengaspal
pay|membayar
pea|kacang polong
peace|damai
peace-loving|cinta damai
peaceful|tenteram
peach|persik
peak|puncak
pear tree|pohon pir
pearl|mutiara
peck|mematuk
pedestal|alas tumpuan
peerage|kebangsawanan
peerless|tiada tara
pelt|kulit berbulu
penal|pidana
penalty|hukuman
penetrate|menembus
people|orang-orang
per|per
per-|per-
perceive|menangkap
perfect|sempurna
performance|pertunjukan
perfume|parfum
period|periode
perish|binasa
permeate|meresap
permit|izin
perplexity|kebingungan
persevere|bertekun
persistence|keuletan
person|orang
perspire|berkeringat
persuade|membujuk
perusal|pembacaan cermat
perverse|melenceng
petition|petisi
Ph.D.|doktor
phantom|bayangan hantu
phenomenal|luar biasa
Philippines|Filipina
philosophy|filsafat
phoenix|feniks
phoenix tree|pohon paulownia
phonograph record|piringan hitam
physique|perawakan
pick|memetik
pick up|memungut
pickling|pengasinan
picture|gambar
piece together|merangkai
pierce|menusuk
pig|babi
pig iron|besi kasar
pigeon|merpati
pilfer|mencuri kecil-kecilan
pillar|tiang
pills|pil
pin|peniti
pinch|mencubit
pine tree|pohon pinus
pining|merindu
pioneer|perintis
pipe|pipa
pit|lubang
pith|empulur
pity|kasihan
pivot|poros
place|tempat
place on the head|menaruh di kepala
placenta|ari-ari
plain|polos
plains|dataran
plan|rencana
plane|ketam
plank|papan
plant|tanaman
plantain|pisang raja
plantation|perkebunan
planting|penanaman
plate|piring
platter|nampan
play|bermain
play music|memainkan musik
pleased|senang
pleasing|menyenangkan
pleasure|kesenangan
pledge|janji
plot|persekongkolan
plow|bajak
pluck|memetik
plug up|menyumbat
plum|prem
plumb bob|unting-unting
plump|montok
plunder|menjarah
podium|podium
poem|puisi
poetry|puisi
point|titik
pointed|runcing
Poland|Polandia
police station|kantor polisi
policy|kebijakan
polish|memoles
polite suffix|akhiran sopan
politics|politik
pond|kolam
pongee (a knotted silk cloth)|kain sutra tsumugi
pony|kuda poni
pool|kolam
poor|miskin
pop|letupan
porcelain|porselen
pork|daging babi
portent|firasat
possessive particle|partikel kepemilikan
post|pos
posterity|anak cucu
posture|postur
pot|panci
potato|kentang
pottery|tembikar
pouch|kantong
pour on|menyiramkan
poverty|kemiskinan
powder|bubuk
power|kekuatan
pox|cacar
practice|latihan
praise|pujian
pray|berdoa
pray to|memohon kepada
precedent|preseden
precious|berharga
precious stone|batu mulia
precipitate|mengendapkan
precipitous|curam
prefecture|prefektur
prefer|lebih suka
preferably|sebaiknya
pregnancy|kehamilan
preparation|persiapan
prepare|menyiapkan
present|hadiah
preserve|melestarikan
press|menekan
presume|mengira
pretext|dalih
prevail|berjaya
previous|sebelumnya
previously|sebelumnya
price|harga
prick|menusuk
pride|kebanggaan
priest|pendeta
prince|pangeran
princess|putri
principle|prinsip
print|mencetak
printing|percetakan
prison|penjara
prisoner|narapidana
private|pribadi
private school|sekolah swasta
prize|hadiah
probe|menyelidiki
problem|masalah
proceed|melanjutkan
proclaim|memaklumkan
profit|laba
progress|kemajuan
prohibit|melarang
prohibition|larangan
projection|tonjolan
prolong|memperpanjang
promise|janji
promontory|tanjung
promote|mempromosikan
promulgate|mengundangkan
proof|bukti
property|milik
propose|mengusulkan
prosper|makmur
prosperity|kemakmuran
prosperous|makmur
protect|melindungi
protection|perlindungan
province|provinsi
provision|ketentuan
provisions|perbekalan
prune|memangkas
Prussia|Prusia
public|publik
public chamber|balai umum
publish|menerbitkan
puckery juice|sari yang sepat
pulse|denyut
punish|menghukum
punishment|hukuman
pupil (of eye)|pupil mata
pupil of the eye|pupil mata
pure|murni
purple|ungu
put in|memasukkan
put up (tent)|mendirikan tenda
put up at|menginap di
quake|gempa
qualified|memenuhi syarat
quality|mutu
quandary|dilema
quarters|tempat tinggal
quasi-|semu
queen|ratu
queerness|keanehan
quench (thirst)|melepas dahaga
question|pertanyaan
question mark|tanda tanya
quick|cepat
quiet|tenang
quietly|dengan tenang
quit|berhenti
quiver|gemetar
race|balapan
radiance|sinar cemerlang
radical|radikal
radius|jari-jari
raid|penyerbuan
rain|hujan
rainbow|pelangi
raise|mengangkat
range|jangkauan
rank|peringkat
rapidly|dengan cepat
rapids|jeram
rapture|kegirangan
rare|langka
rather|agak
rationing|penjatahan
rave|mengigau
ravine|jurang
ray|sinar
re-|ulang
reach|menjangkau
read|membaca
reality|kenyataan
reap|menuai
reason|alasan
rebel|memberontak
recede|surut
receive|menerima
recess|istirahat
reciprocally|secara timbal balik
recital|resital
recitation|pembacaan
recite|melafalkan
reckless|sembrono
reclaim|mereklamasi
recollect|mengenang
recollection|kenangan
recompense|imbalan
record|catatan
record book|buku catatan
records|arsip
recreation|rekreasi
recur|berulang
red|merah
red dye|pewarna merah
red lead|timbal merah
red snapper|ikan kakap merah
redeem|menebus
reduce|mengurangi
reed|buluh
reed used to cover tatami|buluh penutup tatami
reef|karang
reel|kelos
refer to|merujuk pada
refine|memurnikan
refined|terhalus
reflect|memantulkan
reflection|pantulan
reform|pembaruan
refreshing|menyegarkan
refrigerate|mendinginkan
refuse|menolak
regard as|menganggap sebagai
regiment|resimen
region|wilayah
register|mendaftar
regret|menyesal
regularity|keteraturan
reject|menolak
rejoice|bersukacita
relate|menceritakan
relationship|hubungan
relax|bersantai
relay|estafet
reliable|dapat diandalkan
remain in seclusion|berdiam menyepi
remain unsold|tak terjual
remainder|sisa
remains|jasad
remember|mengingat
remorse|penyesalan
remuneration|imbalan
rend|merobek
rent|sewa
repay|membalas
repeatedly|berulang kali
repel|menangkis
repent|bertobat
report|laporan
repose|istirahat
representative body|badan perwakilan
request|permintaan
require|memerlukan
rescue|menyelamatkan
research|penelitian
resemblance|kemiripan
reserve|cadangan
reside|bertempat tinggal
reside in|tinggal di
residence|kediaman
resident|penghuni
resign|mengundurkan diri
resist|melawan
resound|bergema
respect|menghormati
rest|istirahat
restless|gelisah
restore|memulihkan
restrain|menahan
restrict|membatasi
resume|melanjutkan kembali
retainer|abdi
retire|pensiun
retribution|pembalasan
return|kembali
return to|kembali ke
revelation|wahyu
revere|memuliakan
reverent|khidmat
reverently|dengan khidmat
reversal|pembalikan
reverse|kebalikan
review|tinjauan
revise|merevisi
revision|revisi
revolve|berputar
reward|ganjaran
reward for|ganjaran atas
rhyme|rima
rib|tulang rusuk
rice|beras
rice field|sawah
rice paddy|sawah
rice plant|padi
rich|kaya
ride|menunggangi
ride at anchor|berlabuh
ridge|punggung bukit
ridgepole|balok bubungan
ridicule|mengolok
riding on horses|menunggang kuda
right|kanan
right village radical (no. 163)|radikal desa kanan (no. 163)
right-side kata radical (no. 91)|radikal kata sisi kanan (no. 91)
righteous|lurus hati
righteousness|kebenaran
rights|hak
rigidity|kekakuan
rin|rin
ring|cincin
rinse|membilas
rinse mouth|berkumur
riot|kerusuhan
ripen|matang
rise|naik
rise high into sky|menjulang ke langit
rise to surface|muncul ke permukaan
rise up|bangkit
rising sun|matahari terbit
river|sungai
river or three-stroke river radical (no. 47)|radikal sungai (no. 47)
road|jalan
rob|merampok
robber|perampok
robust|kekar
rock|batu
roe|telur ikan
Rome|Roma
roof|atap
root|akar
rope|tali tambang
rose of Sharon|bunga mugunghwa
rostrum|mimbar
rot|membusuk
rotation|perputaran
rough|kasar
round|bulat
round rice-cake offering|sesaji mochi bundar
rouse|membangunkan
route|rute
rowboat|perahu dayung
rub|menggosok
rude|kasar
rue|menyesali
rugged|bergerigi kasar
rule|aturan
ruler|penguasa
rumor|desas-desus
run|berlari
run along|menyusuri
rural area|daerah pedesaan
rural community|masyarakat desa
Russia|Rusia
rut|alur roda
saber|pedang saber
sabre|pedang saber
sac|kantung
sack|karung
sacrifice|pengorbanan
safeguard|pengaman
sagacious|arif
sail|layar
sake|sake
sake dipper|gayung sake
sake radical (no. 164)|radikal sake (no. 164)
salary|gaji
salt|garam
salt water|air asin
saltpeter|sendawa
same|sama
samisen music|musik shamisen
samurai|samurai
samurai radical (no. 33)|radikal samurai (no. 33)
sand|pasir
sandalwood|cendana
sapling|anak pohon
sated|kenyang
satiate|mengenyangkan
save|menyelamatkan
savings|tabungan
say|berkata
scale|timbangan
scarce|langka
scarlet|merah menyala
scatter|menyebar
scenery|pemandangan
science|ilmu pengetahuan
scold|memarahi
scowl|mengernyit marah
scream|menjerit
scribe|juru tulis
scrutinize|meneliti
scythe|sabit
sea|laut
sea bream|ikan kakap tai
seacoast|pesisir
seal|cap
search|mencari
seashore|tepi laut
season|musim
season (for specific products)|musim panen
seasons|musim
seat|tempat duduk
seaweed|rumput laut
second|detik
second (1/60 minute)|detik
second person|orang kedua
second sign of Chinese zodiac|shio kedua
second time|kali kedua
secret|rahasia
section|bagian
section of village|bagian desa
seduce|merayu
see|melihat
seed|benih
seedling|bibit
selection|pemilihan
self|diri
self-indulgent|memanjakan diri
sell|menjual
semi-|semi-
send|mengirim
send a message|mengirim pesan
send back|mengembalikan
send forth fragrance|menebar harum
sending|pengiriman
senior|senior
sensation|sensasi
sequel|lanjutan
sequence|urutan
sequential|berurutan
serene|tenteram
series|seri
serpent|ular
serve|melayani
service|layanan
serving our elders|berbakti pada orang tua
set up|mendirikan
sets (sun)|terbenam
seven|tujuh
seventh sign of Chinese zodiac|shio ketujuh
several|beberapa
severe|keras
severity|ketegasan
sew|menjahit
sex|jenis kelamin
sex organs|alat kelamin
shackles|belenggu
shadow|bayangan
shake|mengguncang
shallow|dangkal
shallows|perairan dangkal
shame|malu
shameful|memalukan
shape|bentuk
shares|saham
sharp|tajam
sharpen|mengasah
sheath|sarung pedang
sheep|domba
sheet of...|lembar...
shellfish|kerang
shelter|tempat berteduh
shelve|menunda
shield|perisai
shin dragon radical (no. 161)|radikal naga shin (no. 161)
shine|bersinar
shine into|menyinari
shining|berkilau
Shinto offerings of cloth|persembahan kain Shinto
Shinto shrine|kuil Shinto
ship|kapal
shipping channel|alur pelayaran
shoes|sepatu
shogi|shogi
shoot|menembak
shop|toko
shore|pantai
short|pendek
shoulder|bahu
shout|berteriak
show symptoms of|menunjukkan gejala
shrink|menyusut
shut|menutup
sick|sakit
sickle|arit
side|sisi
side dish|lauk
sieving|penyaringan
sign|tanda
sign of the hog|shio babi
sign of the ox or cow|shio kerbau
sign of the snake or serpent|shio ular
sign of the tiger|shio macan
signature|tanda tangan
signature (of artisan)|tanda tangan perajin
silence|keheningan
silent meditation|meditasi hening
silhouette|siluet
silk|sutra
silk cloth|kain sutra
silkworm|ulat sutra
silver|perak
simple|sederhana
simplicity|kesederhanaan
simply|sekadar
sin|dosa
sincere|tulus
sincerity|ketulusan
sing|menyanyi
singing|nyanyian
single|tunggal
sinker|pemberat pancing
Sino-|Tionghoa-
sip|menyesap
sire|ayahanda
sit|duduk
situation|situasi
six|enam
sixth sign of Chinese zodiac|shio keenam
skill|keterampilan
skilled|terampil
skillfully|dengan terampil
skin|kulit
skip|melompati
skip (pages)|melewati halaman
sky|langit
slanting|miring
slap|menampar
sleep|tidur
sleepy|mengantuk
slender|ramping
slide|meluncur
slip|tergelincir
slope|lereng
slouch|membungkuk lesu
small|kecil
small bell|lonceng kecil
small boat|perahu kecil
small tiger|macan kecil
smallpox|cacar
smell|bau
smelt|melebur
smelting|peleburan
smiling|tersenyum
smoke|asap
snake|ular
snap|patah
snapshot|jepretan
snout|moncong
snow|salju
so|jadi
so-and-so|si anu
soak|merendam
soar|membumbung
social class|kelas sosial
society|masyarakat
soft|lembut
softly|dengan lembut
softness|kelembutan
soil|tanah
soldier|prajurit
solely|semata-mata
solemn|khidmat
solicit|memohon
solid|padat
solution|larutan
someone|seseorang
son|anak laki-laki
son-in-law|menantu laki-laki
song|lagu
soothe|menenangkan
soul|jiwa
sound|suara
sound of jewels|dentingan permata
sound of the wind|desau angin
sour|masam
source|sumber
south|selatan
southeast|tenggara
sovereign|penguasa
sow (seeds)|menabur benih
space|ruang
spacious|lapang
Spain|Spanyol
span|bentang
spare|cadangan
sparkle|berkilauan
sparkle of jewelry|kilau perhiasan
sparkling water|air berkarbonasi
speak|berbicara
speak to a ruler|menghadap penguasa
spear|tombak
special|khusus
specimen|spesimen
speech|pidato
speed|kecepatan
spend|membelanjakan
sphere|bola
spindle|kumparan
spindle tree|pohon mayumi
spine|tulang belakang
spinning|pemintalan
spirit|semangat
spirits|arwah
spit|meludah
split|membelah
sponsor|penyokong
sport|olahraga
spot|bintik
spouse|pasangan hidup
spread|menyebar
spread out|membentang
spring|mata air
spring (season)|musim semi
springtime|musim semi
spur|taji
spur on|memacu
spy|mata-mata
squad|regu
squeeze|memeras
stage|panggung
stagecoach stop|pos kereta kuda
stair|anak tangga
stairs|tangga
stalk|tangkai
standard|standar
staple|pokok
star|bintang
starve|kelaparan
state|negara bagian
station|stasiun
steal|mencuri
steam|uap
steel|baja
steep|curam
steeple|menara gereja
stem|batang
step on|menginjak
steps|tangga
steps (of throne)|tangga singgasana
stern|buritan
stiff|kaku
still|masih
stipend|tunjangan berkala
stirred up|terhasut
stitch|jahitan
stock|persediaan
stomach|lambung
stone|batu
stop|berhenti
stop-over|persinggahan
stopping|penghentian
store|toko
storehouse|gudang
storey|lantai
stork|bangau
storm|badai
straight grain|serat lurus
strand|untai
strange|aneh
strangeness|keanehan
strangle|mencekik
straw rope|tali jerami
stream|aliran
street|jalan
strength|kekuatan
stretch|meregang
stretching|peregangan
strict|ketat
strike|memukul
string|tali
strip|melucuti
strong|kuat
strong and brave|kuat dan berani
stubborn|keras kepala
study|belajar
study of|ilmu tentang
stupid|bodoh
sturdy|kokoh
style|gaya
subject|pokok bahasan
subjects|rakyat
subjugate|menundukkan
submit|menyerahkan
subscription|langganan
substance|zat
suburbs|pinggiran kota
succeed|berhasil
successful|sukses
sudden|mendadak
sue|menggugat
sugar|gula
sulphur|belerang
sultry|gerah
summer|musim panas
summer heat|panas musim panas
summit|puncak
sunken|tenggelam
sunken rock|karang terendam
super-|super-
superfluous|berlebihan
superintend|mengawasi
support|dukungan
surface|permukaan
surname|nama keluarga
surplus|surplus
surrogate|pengganti
suspicious|mencurigakan
swamp|rawa
sway|bergoyang
swear|bersumpah
sweat|keringat
sweep|menyapu
swell|membengkak
swift|gesit
swim|berenang
swing|berayun
sword|pedang
sympathy|simpati
symptoms|gejala
synthesize|mensintesis
system|sistem
table|meja
take|mengambil
take along|membawa serta
take hold|memegang erat
take pictures|memotret
take pleasure in|menikmati
take to heart|memasukkan ke hati
take up|mengangkat
take warning from|mengambil pelajaran dari
tale|cerita
talent|bakat
talk|berbicara
tall|tinggi
tall building|gedung tinggi
tank|tangki
tariff|tarif
tart|asam tajam
task|tugas
taste|rasa
tax|pajak
tea|teh
tea pavillion|paviliun teh
teach|mengajar
tear|air mata
tears|air mata
tedious|membosankan
temper|perangai
tempest|badai dahsyat
ten|sepuluh
ten thousand|sepuluh ribu
ten-day period|sepuluh hari
tender|lembut
term|istilah
testing|pengujian
Thailand|Thailand
thank|berterima kasih
thank for|berterima kasih atas
that|itu
that one|yang itu
that specific|yang tertentu itu
thaw|mencair
the|itu
the dead|orang mati
the following|berikut ini
the government|pemerintah
the others|yang lain
the Pleiades|gugus Pleiades
the said|yang disebut
the violet|bunga violet
thick|tebal
thin|tipis
thin kimono|kimono tipis
thing|benda
think|berpikir
think over|merenungkan
third class|kelas tiga
third sign of Chinese zodiac|shio ketiga
thirst|haus
this|ini
thou|engkau
thousand|seribu
thread|benang
threaten|mengancam
three|tiga
thrifty|hemat
thunder|guntur
ticket|tiket
tide|pasang surut
tie|mengikat
tiger|harimau
till|sampai
timber|kayu
time|waktu
times|kali
tin can|kaleng
tinkling of jewelry|denting perhiasan
tire|ban
title page|halaman judul
to be (classical)|adalah (klasik)
to best of ability|sebisa mungkin
toast|bersulang
together|bersama
toil|kerja keras
tolerate|menoleransi
tomb|makam
tombstone|nisan
tome|jilid tebal
tone|nada
tongue|lidah
tooth|gigi
topic|topik
torso|batang tubuh
tortoise|kura-kura
torture|penyiksaan
touch|menyentuh
tower|menara
town|kota kecil
track|jejak
trade|perdagangan
train|kereta api
tranquilize|menenangkan
transcend|melampaui
transfer|memindahkan
transition|peralihan
transport|pengangkutan
travel|perjalanan
tray|baki
treasure|harta karun
tree|pohon
treetops|pucuk pohon
tremendously|luar biasa
trial|persidangan
tribe|suku
tribute|upeti
trick|tipuan
trifling|sepele
trip|perjalanan
true|benar
trust|kepercayaan
truth|kebenaran
tub|bak
turf|rumput
Turkey|Turki
Turkey red|merah Turki
turn|berputar
turn around|berbalik
turtle|kura-kura
twelfth sign of the Chinese zodiac|shio kedua belas
twice|dua kali
twig|ranting
twill|kain kepar
twinkle|berkelip
twist|memelintir
two|dua
two radical (no. 7)|radikal dua (no. 7)
two-mat area|luas dua tatami
type|jenis
type of deciduous tree|sejenis pohon peluruh
type of morning glory|sejenis bunga telang
tyrannize|menindas
ugly|buruk rupa
ultra-|ultra-
umbrella|payung
uncle|paman
uncleanness|kenajisan
uneasy|gelisah
uneven|tidak rata
unfold|membentangkan
unimportant|tidak penting
universal|semesta
unnecessarily|tanpa perlu
unreeling cocoons|memintal kepompong
unrestrained|tak terkekang
unseal|membuka segel
unskillful|tidak cakap
unusual|tidak biasa
up|ke atas
urge|mendorong
urge to eat|mempersilakan makan
urine|air seni
USA|Amerika Serikat
uselessness|kesia-siaan
uterus|rahim
utmost|sepenuhnya
V.I.P.|tamu penting
vacant|kosong
vague|samar
valley|lembah
valuables|barang berharga
value|nilai
vapor|uap
varnish|pernis
vast|luas
vat|tong besar
vegetable|sayur
vein|pembuluh darah
venerable old man|orang tua yang dihormati
verification|verifikasi
versify|menyair
victory|kemenangan
victory song|lagu kemenangan
Vietnam|Vietnam
view|pemandangan
vigorous|bertenaga
village|desa
vine|sulur
violet|ungu violet
virtuous|berbudi luhur
viscera|organ dalam
vision|penglihatan
voice|suara
volume|jilid
vortex|pusaran
vow|ikrar
wag|mengibaskan
wait|menunggu
wait upon|melayani
wake up|bangun
walk|berjalan
wall|dinding
wane|meredup
war|perang
ward|distrik kota
warehouse|gudang
warm|hangat
warmth|kehangatan
warship|kapal perang
wash|mencuci
watch over|mengawasi
watchtower|menara pengawas
water|air
water route|jalur air
waterfall|air terjun
waves|ombak
way|cara
weak|lemah
weaken|melemahkan
wealth|kekayaan
weary|lelah
weave|menenun
wedge|pasak
wee hours|dini hari
week|minggu
weekday|hari kerja
weep|menangis
welcome|menyambut
welfare|kesejahteraan
well|sumur
west|barat
Western style|gaya Barat
wet|basah
wet nurse|ibu susu
whale|paus
what|apa
what?|apa?
wheat|gandum
wherefore|oleh sebab itu
whirlpool|pusaran air
white|putih
wholesale|grosir
wicked|keji
wide|lebar
wide expanse|hamparan luas
widow|janda
width|lebar
wife|istri
willow|pohon dedalu
window|jendela
wing|sayap
wink|mengedip
winter|musim dingin
wisdom|kebijaksanaan
wise|bijak
wish|harapan
wisteria|bunga wisteria
witch|penyihir
with child|mengandung
wizard|penyihir
woman|perempuan
womb|rahim
wood|kayu
woodblock printing|cetak balok kayu
woods|hutan kecil
woollen kimono|kimono wol
word|kata
words|kata-kata
work|bekerja
workman|pekerja
world|dunia
worship|menyembah
wring|memeras
write|menulis
writing|tulisan
wrong|salah
Yamato|Yamato
yard|halaman
year|tahun
years old|tahun usia
yell|berteriak
yellow|kuning
yen|yen
yesterday|kemarin
yet|belum
you|kamu
young|muda
young of animals|anak hewan
younger brother|adik laki-laki
younger sister|adik perempuan
youth|masa muda
Zelkova tree|pohon keyaki
Zen|Zen
